{"num_track": 166, "tot_distance_km": 715.221229931849, "cities": {"Los Angeles, CA": {"tot_distance_km": 418.2705963956881, "num_track": 112}, "Seattle, WA": {"tot_distance_km": 204.1472680711369, "num_track": 37}, "Toronto, ON": {"tot_distance_km": 32.543500958897326, "num_track": 8}, "New York, NY": {"tot_distance_km": 60.25986450612698, "num_track": 7}}}