{"num_track": 112, "tot_distance_km": 479.35340990722773, "cities": {"Los Angeles, CA": {"tot_distance_km": 252.82266375632074, "num_track": 68}, "Seattle, WA": {"tot_distance_km": 186.48929654771084, "num_track": 35}, "Toronto, ON": {"tot_distance_km": 25.991637478262298, "num_track": 5}, "New York, NY": {"tot_distance_km": 14.049812124933787, "num_track": 4}}}